Date,Source,Text,Sentiment,Volume
2023-01-01,News Outlet 1,"Company X reports record-breaking profits in Q4 2022.",Positive,500
2023-01-02,Social Media,Great day in the stock market! Bullish on tech stocks. ğŸš€,Positive,1000
2023-01-03,Analyst Report,Gold prices expected to rise due to geopolitical tensions.,Positive,300
2023-01-04,News Outlet 2,"Market experiences a sharp decline after disappointing jobs report.",Negative,800
2023-01-05,Social Media,Just sold my shares in Company Y. Bad management decisions. ğŸ˜,Negative,600
2023-01-06,Analyst Report,"Tech sector outlook: Strong growth potential in the coming months.",Positive,400
2023-01-07,News Outlet 3,"Federal Reserve announces interest rate hike, impacting bond prices.",Negative,700
2023-01-08,Social Media,"Investors uncertain about the economic recovery. ğŸ“‰",Negative,1200
2023-01-09,Analyst Report,"Cryptocurrency market update: Bitcoin hits new all-time high.",Positive,900
2023-01-10,News Outlet 1,"Earnings season kicks off with better-than-expected results.",Positive,550
2023-01-11,Social Media,"Short squeeze in progress! GameStop stock soaring again. ğŸ’°",Positive,1500
2023-01-12,Analyst Report,"Energy stocks facing headwinds due to regulatory changes.",Negative,450
2023-01-13,News Outlet 2,"Trade tensions escalate between major economies.",Negative,850
2023-01-14,Social Media,"Thinking of investing in renewable energy. Any recommendations? ğŸŒ±",Neutral,700
2023-01-15,Analyst Report,"Consumer spending trends point to a robust holiday season.",Positive,300
2023-01-16,News Outlet 3,"Global economic slowdown feared as inflationary pressures mount.",Negative,950
2023-01-17,Social Media,"#StockMarketCrash trending. Is it time to sell everything?",Negative,1100
2023-01-18,Analyst Report,"Biotech sector outlook: Promising developments in gene therapy.",Positive,400
2023-01-19,News Outlet 1,"Tech giants face antitrust scrutiny, impacting share prices.",Negative,600
2023-01-20,Social Media,"Just bought the dip in tech stocks. Bullish on the rebound! ğŸ“ˆ",Positive,800
2023-01-21,Analyst Report,"Real estate market forecast: Housing prices expected to stabilize.",Neutral,500
2023-01-22,News Outlet 2,"Unexpected surge in jobless claims rattles investors.",Negative,750
2023-01-23,Social Media,"Hedge funds increasing short positions in anticipation of market correction.",Negative,1000
2023-01-24,Analyst Report,"Automotive industry outlook: Electric vehicles driving future growth.",Positive,350
2023-01-25,News Outlet 3,"Federal Reserve signals accommodative policy stance amid economic uncertainties.",Neutral,900
2023-01-26,Social Media,"Diversifying my portfolio with blue-chip stocks. ğŸ“Š",Positive,1200
2023-01-27,Analyst Report,"Global supply chain disruptions impact manufacturing stocks.",Negative,550
2023-01-28,News Outlet 1,"Investor sentiment turns positive as COVID-19 restrictions ease.",Positive,700
2023-01-29,Social Media,"Watching the bond market for signals on economic health. ğŸ¤”",Neutral,450
2023-01-30,Analyst Report,"Banking sector outlook: Navigating regulatory challenges.",Neutral,650
2023-01-31,News Outlet 2,"Market rally fueled by strong corporate earnings across sectors.",Positive,800
2023-02-01,Social Media,"Tech IPOs heating up. Exciting times for new opportunities! ğŸ’¼",Positive,1000
2023-02-02,Analyst Report,"Emerging markets face headwinds amid currency volatility.",Negative,600
2023-02-03,News Outlet 3,"Investor confidence shaken by geopolitical events.",Negative,850
2023-02-04,Social Media,"Cryptocurrency market correction underway. Hold or sell?",Negative,1100
2023-02-05,Analyst Report,"Renewable energy stocks surge on favorable government policies.",Positive,700
2023-02-06,News Outlet 1,"Trade deal optimism boosts global markets.",Positive,500
2023-02-07,Social Media,"Considering options trading for enhanced returns. Any tips? ğŸ“ˆ",Neutral,900
2023-02-08,Analyst Report,"Aerospace and defense sector outlook: Factors driving growth.",Positive,300
2023-02-09,News Outlet 2,"Inflation concerns lead to sell-off in bond markets.",Negative,750
2023-02-10,Social Media,"Investor sentiment cautious ahead of economic data release. ğŸ“‰",Neutral,650
2023-02-11,Analyst Report,"Technology trends to watch in the next decade.",Positive,1200
2023-02-12,News Outlet 3,"Market volatility expected as central banks adjust monetary policy.",Neutral,550
2023-02-13,Social Media,"Gold prices surge amid safe-haven demand. ğŸŒŸ",Positive,800
2023-02-14,Analyst Report,"Semiconductor industry faces supply chain challenges.",Negative,950
2023-02-15,News Outlet 1,"Economic recovery hopes drive optimism in the market.",Positive,700
2023-02-16,Analyst Report,"Healthcare sector outlook: Opportunities in biopharmaceuticals.",Positive,400
2023-02-17,News Outlet 2,"Market reacts to geopolitical tensions with a sell-off.",Negative,850
2023-02-18,Social Media,"Exploring the impact of interest rate changes on mortgage rates. ğŸ¡",Neutral,600
2023-02-19,Analyst Report,"Global trade tensions ease, benefiting export-oriented sectors.",Positive,700
2023-02-20,News Outlet 3,"Investor optimism as major tech companies announce collaboration.",Positive,950
2023-02-21,Social Media,"Dow Jones hits new record high. Bull market intact! ğŸ“ˆ",Positive,1200
2023-02-22,Analyst Report,"Agricultural commodities face supply chain challenges.",Negative,550
2023-02-23,News Outlet 1,"Investors eyeing opportunities in the fintech sector.",Positive,800
2023-02-24,Social Media,"Rising inflation concerns impacting consumer spending. ğŸ’¸",Negative,1100
2023-02-25,Analyst Report,"Telecommunications industry faces regulatory uncertainties.",Negative,450
2023-02-26,News Outlet 2,"Retail stocks surge on strong holiday sales data.",Positive,700
2023-02-27,Social Media,"Analyzing the impact of climate change policies on energy stocks. ğŸŒ",Neutral,500
2023-02-28,Analyst Report,"Market correction expected as interest rates continue to rise.",Negative,750
2023-03-01,News Outlet 3,"Investor sentiment cautious ahead of earnings season.",Neutral,650
2023-03-02,Social Media,"Considering value stocks for a defensive portfolio approach. ğŸ“Š",Neutral,900
2023-03-03,Analyst Report,"Semiconductor shortage impacts production in the automotive sector.",Negative,1000
2023-03-04,News Outlet 1,"Economic stimulus measures drive optimism in the market.",Positive,1200
2023-03-05,Social Media,"Federal Reserve's dovish stance lifts investor confidence. ğŸ•Šï¸",Positive,550
2023-03-06,Analyst Report,"Real estate investment trusts (REITs) gaining popularity among investors.",Positive,800
2023-03-07,News Outlet 2,"Tech industry faces challenges amid supply chain disruptions.",Negative,950
2023-03-08,Social Media,"Discussing the impact of currency fluctuations on international investments. ğŸ’±",Neutral,700
2023-03-09,Analyst Report,"Global economic recovery expected to drive commodity prices higher.",Positive,600
2023-03-10,News Outlet 3,"Market volatility attributed to uncertainty over interest rate policies.",Negative,850
2023-03-11,Social Media,"Cryptocurrency regulations in focus. How will it impact prices? ğŸ¤”",Neutral,1100
2023-03-12,Analyst Report,"Renewable energy stocks face headwinds amid policy uncertainties.",Negative,400
2023-03-13,News Outlet 1,"Biotech sector sees increased investment as breakthroughs continue.",Positive,900
2023-03-14,Social Media,"Considering gold as a hedge against inflation. Thoughts? ğŸŒŸ",Neutral,500
2023-03-15,Analyst Report,"Navigating market uncertainties: A guide for investors.",Neutral,650
2023-03-16,News Outlet 2,"Trade tensions ease as countries reach agreement on tariffs.",Positive,750
2023-03-17,Social Media,"Earnings season kicks off with positive surprises. Bullish on stocks! ğŸ“ˆ",Positive,1000
2023-03-18,Analyst Report,"Banking sector faces challenges amid rising non-performing loans.",Negative,800
2023-03-19,News Outlet 3,"Investor caution as bond yields continue to rise.",Negative,1200
2023-03-20,Social Media,"Exploring opportunities in emerging markets. Any recommendations? ğŸŒ",Neutral,600
2023-03-21,Analyst Report,"Healthcare innovations driving growth in the biotech industry.",Positive,700
2023-03-22,News Outlet 1,"Consumer confidence dips on concerns about job market.",Negative,850
2023-03-23,Social Media,"Tech stocks under pressure as regulatory scrutiny intensifies. âš–ï¸",Negative,1000
2023-03-24,Analyst Report,"Aerospace industry outlook: Advancements in electric propulsion.",Positive,550
2023-03-25,News Outlet 2,"Market rally fueled by optimism around economic recovery.",Positive,950
2023-03-26,Social Media,"Discussing the impact of a potential recession on investment strategies. ğŸ“‰",Negative,700
2023-03-27,Analyst Report,"Investor interest in sustainable investing reaches new heights.",Positive,400
2023-03-28,News Outlet 3,"Global supply chain challenges persist, affecting manufacturing stocks.",Negative,900
2023-03-29,Social Media,"Fed's hawkish comments lead to a sell-off in the bond market. ğŸ’¸",Negative,1100
2023-03-30,Analyst Report,"Technology sector trends: Focus on artificial intelligence and cybersecurity.",Positive,1200
2023-03-31,News Outlet 1,"Market sentiment optimistic as trade tensions de-escalate.",Positive,650
2023-04-01,Social Media,"Investor sentiment shifts as economic indicators point to recovery. ğŸŒ",Positive,800
2023-04-02,Analyst Report,"Retail industry faces challenges with the rise of e-commerce.",Negative,500
2023-04-03,News Outlet 2,"Biopharmaceutical breakthrough boosts healthcare stocks.",Positive,700
2023-04-04,Social Media,"Navigating the crypto market amid regulatory uncertainties. Thoughts? ğŸ’­",Neutral,900
2023-04-05,Analyst Report,"Renewable energy projects attract increased investment interest.",Positive,600
